{"cameraMode":{"drawMode":0,"name":"Shaded","section":"Shading Mode"},"sceneLighting":false,"audioPlay":false,"sceneViewState":{"m_AlwaysRefresh":false,"showFog":true,"showSkybox":false,"showFlares":true,"showImageEffects":true,"showParticleSystems":true,"showVisualEffectGraphs":true,"m_FxEnabled":true},"in2DMode":false,"pivot":{"x":0.000003933906555175781,"y":4.170375823974609,"z":-0.8501941561698914},"rotation":{"x":-0.005248465575277805,"y":0.9929718375205994,"z":-0.1091669499874115,"w":-0.04768259823322296},"size":4.702944755554199,"orthographic":false}