{"cameraMode":{"drawMode":0,"name":"Shaded","section":"Shading Mode"},"sceneLighting":true,"audioPlay":false,"sceneViewState":{"m_AlwaysRefresh":false,"showFog":true,"showSkybox":true,"showFlares":true,"showImageEffects":true,"showParticleSystems":true,"showVisualEffectGraphs":true,"m_FxEnabled":true},"in2DMode":false,"pivot":{"x":12.190144538879395,"y":-16.212936401367189,"z":-31.003738403320314},"rotation":{"x":-0.05222079157829285,"y":-0.9451248049736023,"z":0.26157376170158389,"w":-0.1887393742799759},"size":19.545551300048829,"orthographic":false}